model,accuracy,precision,recall,f1
gemma,0.3190621631333094,0.4990600001083306,0.3190621631333094,0.3427553800888927
mistral,0.4201139890914202,0.4179031085362054,0.4201139890914202,0.3942021786417445
openchat,0.3433013746072822,0.5037931132297206,0.3433013746072822,0.3487134026481288
