model,accuracy,precision,recall,f1
gemma,0.5724091565000655,0.6537118264468527,0.5724091565000655,0.5892215082032066
mistral,0.6767027418967396,0.6864006930246158,0.6767027418967396,0.660864231262717
openchat,0.5904539980199173,0.7124426415724052,0.5904539980199173,0.596795366899832
