model,accuracy,precision,recall,f1
gemma,0.5726236461167291,0.6516475748499058,0.5726236461167291,0.5887531000537012
mistral,0.680155169267459,0.6899711372561098,0.680155169267459,0.6631339078844485
openchat,0.5956280156662298,0.7124646165924011,0.5956280156662298,0.6004561555112413
