prompting_technique,accuracy,precision,recall,f1
cot,0.2910293206714613,0.5009849283156637,0.2910293206714613,0.31113335267946113
cot-sc,0.3095703152559497,0.5515678223470905,0.3095703152559497,0.33684490172125087
rar-1,0.46413428468764434,0.4359044040368409,0.46413428468764434,0.4262502362817353
rar-2,0.4367505545271093,0.4094186175520744,0.4367505545271093,0.4064346503215639
tot,0.30264473624452165,0.47005126420542503,0.30264473624452165,0.3287884612939321
