prompting_technique,accuracy,precision,recall,f1
cot,0.5741652066955938,0.6921918749901986,0.5741652066955938,0.5947826708857282
cot-sc,0.5721565243015087,0.6915024977744105,0.5721565243015085,0.589199445912381
rar-1,0.7017561270525697,0.6794551332570583,0.7017561270525697,0.6776318705951162
rar-2,0.6779239839228831,0.6678954016869868,0.6779239839228831,0.6580091125378352
tot,0.5546762097781411,0.6924273067887071,0.5546762097781411,0.5676155058179243
