model,accuracy,precision,recall,f1
gemma,0.3153482880755608,0.5002107843794011,0.3153482880755608,0.3402500116005084
mistral,0.4185079049883796,0.41907417445405004,0.4185079049883796,0.39386549690590306
openchat,0.3367711865613211,0.5031971458007019,0.3367711865613211,0.34488061980005413
