prompting_technique,accuracy,precision,recall,f1
cot,0.2914846491113854,0.5064428183948254,0.2914846491113854,0.3120774648979589
cot-sc,0.30660711816383374,0.5501031668482609,0.30660711816383374,0.33434067994841205
rar-1,0.4556011840596821,0.43316643958645557,0.4556011840596821,0.42107387960398257
rar-2,0.4289862792574657,0.40842213833844737,0.4289862792574657,0.4028227795255573
tot,0.30169973544973544,0.4726689445555992,0.30169973544973544,0.3280120765348651
