prompting_technique,accuracy,precision,recall,f1
cot,0.5751650581848547,0.6940408463356786,0.5751650581848547,0.5956308140731523
cot-sc,0.5691933272093926,0.6900596781411147,0.5691933272093926,0.5861873237483365
rar-1,0.6959778473612466,0.6756341636668756,0.6959778473612466,0.6742154539625144
rar-2,0.6758484440857323,0.6698525185135699,0.6758484440857323,0.6594781454170738
tot,0.5497584838533115,0.6913380617492173,0.5497584838533115,0.5626234400751825
